Transaction_ID,Date,Customer_Segment,Plan_Tier,Product_Feature,Active_Agents,MRR_USD,API_Calls_K,Latency_ms,Satisfaction_Score,Churn_Risk,Region
TX-1001,2026-01-05,Startup,Pro Monthly,AI Prototype Generator,4,149,42.5,180,4.8,Low,North America
TX-1002,2026-01-08,Enterprise,Scale Annual,Autonomous Agent,28,1250,380.2,145,4.9,Low,APAC
TX-1003,2026-01-12,Individual Creator,Free Tier,Data Dashboard,1,0,3.1,210,3.9,Medium,Europe
TX-1004,2026-01-15,Pro Builder,Pro Monthly,Custom Pipeline,6,199,68.4,165,4.6,Low,North America
TX-1005,2026-01-19,Enterprise,Scale Annual,AI Prototype Generator,35,1890,520.0,130,4.7,Low,North America
TX-1006,2026-01-22,Startup,Pro Monthly,Autonomous Agent,8,249,85.1,195,4.2,Medium,APAC
TX-1007,2026-01-27,Individual Creator,Pro Monthly,Data Dashboard,2,49,15.8,175,4.5,Low,Europe
TX-1008,2026-02-02,Enterprise,Custom Enterprise,Full Platform Suite,60,3400,980.5,120,4.9,Low,North America
TX-1009,2026-02-06,Startup,Pro Monthly,AI Prototype Generator,5,149,51.2,185,4.1,Medium,LATAM
TX-1010,2026-02-10,Pro Builder,Pro Monthly,Autonomous Agent,7,199,74.0,160,4.7,Low,APAC
TX-1011,2026-02-14,Individual Creator,Free Tier,AI Prototype Generator,1,0,4.5,225,3.6,High,North America
TX-1012,2026-02-18,Enterprise,Scale Annual,Custom Pipeline,40,2100,640.8,135,4.8,Low,Europe
TX-1013,2026-02-23,Startup,Scale Annual,Data Dashboard,12,499,190.4,150,4.6,Low,APAC
TX-1014,2026-02-27,Pro Builder,Pro Monthly,AI Prototype Generator,8,229,88.9,170,4.4,Low,North America
TX-1015,2026-03-03,Enterprise,Custom Enterprise,Autonomous Agent,75,4200,1250.0,115,5.0,Low,APAC
TX-1016,2026-03-07,Individual Creator,Pro Monthly,Data Dashboard,3,79,22.1,190,4.3,Medium,Europe
TX-1017,2026-03-12,Startup,Pro Monthly,Custom Pipeline,6,179,61.7,165,4.5,Low,North America
TX-1018,2026-03-16,Enterprise,Scale Annual,Full Platform Suite,50,2850,810.2,125,4.9,Low,Europe
TX-1019,2026-03-20,Pro Builder,Pro Monthly,Autonomous Agent,9,249,94.3,155,4.7,Low,LATAM
TX-1020,2026-03-25,Startup,Free Tier,Data Dashboard,2,0,8.4,240,3.8,High,APAC
TX-1021,2026-03-29,Enterprise,Scale Annual,AI Prototype Generator,45,2300,710.0,130,4.8,Low,North America
TX-1022,2026-04-02,Individual Creator,Pro Monthly,Autonomous Agent,3,69,18.9,180,4.6,Low,North America
TX-1023,2026-04-06,Pro Builder,Scale Annual,Custom Pipeline,15,699,245.0,140,4.7,Low,Europe
TX-1024,2026-04-10,Enterprise,Custom Enterprise,Full Platform Suite,85,4900,1480.0,110,4.9,Low,North America
TX-1025,2026-04-15,Startup,Pro Monthly,AI Prototype Generator,7,199,76.5,175,4.4,Low,APAC
